{"stats":{"minecraft:mined":{"minecraft:acacia_leaves":3,"minecraft:andesite":2,"minecraft:crafting_table":1,"minecraft:grass":55,"minecraft:acacia_log":8,"minecraft:grass_block":1,"minecraft:oak_log":5,"minecraft:coal_ore":14,"minecraft:dirt_path":1,"minecraft:dirt":6,"minecraft:tall_grass":8,"minecraft:cobblestone":2,"minecraft:stone":68},"minecraft:killed":{"minecraft:sheep":1,"minecraft:pig":2,"minecraft:chicken":4,"minecraft:spider":1,"minecraft:cow":4},"minecraft:used":{"minecraft:stone_pickaxe":78,"minecraft:wooden_pickaxe":13,"minecraft:wooden_sword":6,"minecraft:torch":2,"minecraft:stone_axe":18,"minecraft:dirt":1,"minecraft:cobblestone":2,"minecraft:crafting_table":2,"minecraft:furnace":1,"minecraft:cooked_porkchop":2,"alexsmobs:animal_dictionary":1},"minecraft:dropped":{"minecraft:wooden_pickaxe":1},"minecraft:killed_by":{"minecraft:skeleton":1},"minecraft:crafted":{"minecraft:wooden_sword":1,"minecraft:oak_planks":20,"minecraft:cooked_porkchop":4,"minecraft:crafting_table":1,"minecraft:stick":48,"minecraft:wooden_pickaxe":1,"minecraft:stone_pickaxe":1,"minecraft:furnace":1,"minecraft:acacia_planks":28,"minecraft:torch":20,"minecraft:stone_axe":1,"minecraft:air":0},"minecraft:picked_up":{"minecraft:crafting_table":1,"minecraft:feather":3,"minecraft:chicken":4,"minecraft:andesite":2,"minecraft:leather":6,"minecraft:acacia_log":7,"minecraft:porkchop":4,"minecraft:oak_log":5,"minecraft:spider_eye":1,"minecraft:dirt":6,"minecraft:rotten_flesh":2,"minecraft:wheat_seeds":7,"minecraft:beef":8,"minecraft:gray_wool":1,"minecraft:bread":3,"minecraft:mutton":2,"minecraft:coal":14,"minecraft:cobblestone":68,"minecraft:egg":2},"minecraft:custom":{"minecraft:time_since_rest":0,"minecraft:damage_taken":510,"minecraft:interact_with_furnace":4,"minecraft:sprint_one_cm":47279,"minecraft:walk_one_cm":51134,"minecraft:mob_kills":12,"minecraft:drop":1,"minecraft:damage_dealt":1020,"minecraft:interact_with_crafting_table":7,"minecraft:fly_one_cm":49006,"minecraft:open_chest":1,"minecraft:play_time":25813,"minecraft:crouch_one_cm":3926,"minecraft:deaths":2,"minecraft:sneak_time":1853,"minecraft:jump":313,"minecraft:leave_game":3,"minecraft:time_since_death":194,"minecraft:walk_on_water_one_cm":439,"minecraft:sleep_in_bed":2,"minecraft:total_world_time":25813,"minecraft:fall_one_cm":12737}},"DataVersion":3465}