{"stats":{"minecraft:mined":{"minecraft:acacia_leaves":3,"minecraft:iron_ore":5,"minecraft:andesite":2,"minecraft:crafting_table":1,"minecraft:grass":55,"minecraft:acacia_log":8,"minecraft:grass_block":1,"minecraft:oak_log":5,"minecraft:coal_ore":40,"minecraft:dirt_path":1,"minecraft:dirt":24,"minecraft:tall_grass":8,"minecraft:cobblestone":2,"minecraft:stone":87},"minecraft:killed":{"minecraft:sheep":1,"minecraft:pig":2,"minecraft:chicken":4,"minecraft:spider":1,"minecraft:cow":4},"minecraft:used":{"minecraft:stone_pickaxe":123,"minecraft:oak_planks":9,"minecraft:wooden_pickaxe":18,"minecraft:cooked_chicken":1,"minecraft:wooden_sword":6,"minecraft:torch":4,"minecraft:stone_axe":18,"minecraft:dirt":27,"minecraft:cobblestone":2,"minecraft:crafting_table":3,"minecraft:furnace":1,"minecraft:cooked_porkchop":2,"alexsmobs:animal_dictionary":1,"minecraft:granite":2},"minecraft:dropped":{"minecraft:wooden_pickaxe":2},"minecraft:killed_by":{"minecraft:skeleton":1},"minecraft:crafted":{"minecraft:wooden_sword":1,"minecraft:oak_planks":40,"minecraft:cooked_porkchop":4,"minecraft:crafting_table":1,"minecraft:stick":56,"minecraft:wooden_pickaxe":2,"minecraft:stone_pickaxe":2,"minecraft:furnace":1,"minecraft:acacia_planks":28,"minecraft:torch":36,"minecraft:stone_axe":1,"minecraft:air":0},"minecraft:picked_up":{"minecraft:raw_iron":5,"minecraft:crafting_table":2,"minecraft:feather":3,"minecraft:chicken":4,"minecraft:andesite":2,"minecraft:leather":6,"minecraft:acacia_log":7,"minecraft:porkchop":4,"minecraft:oak_log":10,"alexsmobs:animal_dictionary":1,"minecraft:spider_eye":1,"minecraft:dirt":41,"minecraft:rotten_flesh":2,"minecraft:wheat_seeds":7,"minecraft:granite":2,"minecraft:beef":8,"minecraft:cooked_chicken":4,"minecraft:gray_wool":1,"minecraft:bread":3,"minecraft:oak_planks":12,"minecraft:mutton":2,"minecraft:coal":39,"minecraft:cobblestone":88,"minecraft:egg":2},"minecraft:custom":{"minecraft:time_since_rest":9954,"minecraft:damage_taken":1240,"minecraft:interact_with_furnace":4,"minecraft:sprint_one_cm":58109,"minecraft:walk_one_cm":65975,"minecraft:mob_kills":12,"minecraft:drop":2,"minecraft:damage_dealt":1020,"minecraft:interact_with_crafting_table":9,"minecraft:fly_one_cm":72566,"minecraft:open_chest":1,"minecraft:play_time":37813,"minecraft:crouch_one_cm":10639,"minecraft:deaths":4,"minecraft:sneak_time":4668,"minecraft:walk_under_water_one_cm":1589,"minecraft:jump":629,"minecraft:leave_game":3,"minecraft:time_since_death":9927,"minecraft:walk_on_water_one_cm":2046,"minecraft:sleep_in_bed":2,"minecraft:total_world_time":37813,"minecraft:fall_one_cm":27481}},"DataVersion":3465}