{"stats":{"minecraft:killed_by":{"minecraft:skeleton":1},"minecraft:dropped":{"minecraft:shield":1,"minecraft:wooden_pickaxe":2},"minecraft:mined":{"minecraft:acacia_leaves":3,"minecraft:crafting_table":1,"minecraft:torch":1,"minecraft:acacia_log":8,"minecraft:grass_block":1,"minecraft:tall_grass":8,"minecraft:cobblestone":4,"minecraft:oak_planks":11,"minecraft:diorite":1,"minecraft:iron_ore":6,"minecraft:andesite":3,"minecraft:grass":55,"minecraft:oak_log":5,"minecraft:coal_ore":66,"minecraft:dirt_path":1,"minecraft:dirt":24,"minecraft:stone":107},"minecraft:custom":{"minecraft:interact_with_furnace":7,"minecraft:mob_kills":16,"minecraft:interact_with_crafting_table":18,"minecraft:leave_game":3,"minecraft:time_since_death":27729,"minecraft:sleep_in_bed":2,"minecraft:time_since_rest":27756,"minecraft:sprint_one_cm":81056,"minecraft:damage_taken":1355,"minecraft:walk_one_cm":111311,"minecraft:drop":3,"minecraft:damage_dealt":1542,"minecraft:fly_one_cm":82420,"minecraft:open_chest":1,"minecraft:crouch_one_cm":18582,"minecraft:play_time":55615,"minecraft:deaths":4,"minecraft:sneak_time":7145,"minecraft:walk_under_water_one_cm":2607,"minecraft:jump":797,"minecraft:walk_on_water_one_cm":4383,"minecraft:total_world_time":55615,"minecraft:fall_one_cm":34752},"minecraft:used":{"minecraft:stone_pickaxe":140,"minecraft:oak_planks":9,"minecraft:wooden_pickaxe":18,"minecraft:cooked_chicken":4,"minecraft:torch":28,"minecraft:dirt":27,"minecraft:crafting_table":3,"minecraft:granite":2,"minecraft:iron_pickaxe":35,"minecraft:stone_axe":36,"minecraft:wooden_sword":6,"minecraft:cobblestone":9,"minecraft:furnace":2,"minecraft:cooked_porkchop":2,"alexsmobs:animal_dictionary":1},"minecraft:killed":{"minecraft:pig":2,"minecraft:spider":1,"minecraft:sheep":1,"alexsmobs:cockroach":1,"minecraft:zombie":3,"minecraft:chicken":4,"minecraft:cow":4},"minecraft:crafted":{"minecraft:wooden_sword":1,"minecraft:oak_planks":40,"minecraft:cooked_porkchop":4,"minecraft:crafting_table":1,"minecraft:wooden_pickaxe":2,"minecraft:furnace":2,"minecraft:stone_axe":2,"minecraft:air":0,"minecraft:shield":1,"minecraft:stick":80,"minecraft:iron_pickaxe":1,"minecraft:iron_ingot":5,"minecraft:stone_pickaxe":2,"minecraft:acacia_planks":28,"minecraft:torch":116},"minecraft:picked_up":{"minecraft:crafting_table":2,"minecraft:feather":3,"minecraft:chicken":4,"minecraft:andesite":3,"minecraft:leather":6,"minecraft:wooden_pickaxe":1,"minecraft:oak_log":10,"minecraft:shield":1,"minecraft:dirt":50,"minecraft:bone":2,"minecraft:wheat_seeds":7,"minecraft:beef":8,"minecraft:cooked_chicken":4,"minecraft:oak_planks":23,"minecraft:egg":2,"minecraft:raw_iron":6,"minecraft:torch":1,"minecraft:acacia_log":11,"minecraft:dripstone_block":1,"minecraft:porkchop":4,"minecraft:pointed_dripstone":3,"minecraft:diorite":1,"minecraft:spider_eye":1,"alexsmobs:animal_dictionary":1,"minecraft:arrow":2,"minecraft:rotten_flesh":5,"minecraft:granite":2,"minecraft:gray_wool":1,"minecraft:bread":3,"minecraft:mutton":2,"minecraft:coal":65,"minecraft:cobblestone":132}},"DataVersion":3465}