{"stats":{"minecraft:mined":{"minecraft:acacia_leaves":3,"minecraft:andesite":2,"minecraft:crafting_table":1,"minecraft:grass":44,"minecraft:acacia_log":8,"minecraft:coal_ore":3,"minecraft:oak_log":5,"minecraft:dirt_path":1,"minecraft:tall_grass":5,"minecraft:stone":40},"minecraft:killed":{"minecraft:sheep":1,"minecraft:pig":2,"minecraft:chicken":4,"minecraft:spider":1},"minecraft:used":{"minecraft:stone_pickaxe":33,"minecraft:wooden_pickaxe":13,"minecraft:stone_axe":11,"minecraft:wooden_sword":6,"minecraft:cobblestone":2,"minecraft:crafting_table":1,"alexsmobs:animal_dictionary":1},"minecraft:dropped":{"minecraft:wooden_pickaxe":1},"minecraft:crafted":{"minecraft:wooden_sword":1,"minecraft:oak_planks":20,"minecraft:crafting_table":1,"minecraft:stick":48,"minecraft:wooden_pickaxe":1,"minecraft:stone_pickaxe":1,"minecraft:acacia_planks":28,"minecraft:stone_axe":1},"minecraft:picked_up":{"minecraft:crafting_table":1,"minecraft:chicken":4,"minecraft:feather":3,"minecraft:andesite":2,"minecraft:acacia_log":7,"minecraft:porkchop":4,"minecraft:oak_log":5,"minecraft:spider_eye":1,"minecraft:dirt":1,"minecraft:rotten_flesh":2,"minecraft:wheat_seeds":6,"minecraft:gray_wool":1,"minecraft:mutton":2,"minecraft:coal":2,"minecraft:cobblestone":40},"minecraft:custom":{"minecraft:time_since_rest":12965,"minecraft:sprint_one_cm":34493,"minecraft:damage_taken":40,"minecraft:walk_one_cm":31669,"minecraft:mob_kills":8,"minecraft:drop":1,"minecraft:damage_dealt":600,"minecraft:interact_with_crafting_table":3,"minecraft:fly_one_cm":28670,"minecraft:open_chest":1,"minecraft:crouch_one_cm":2411,"minecraft:play_time":14722,"minecraft:sneak_time":980,"minecraft:jump":208,"minecraft:leave_game":1,"minecraft:walk_on_water_one_cm":189,"minecraft:time_since_death":14722,"minecraft:sleep_in_bed":1,"minecraft:total_world_time":14722,"minecraft:fall_one_cm":4416}},"DataVersion":3465}