{"stats":{"minecraft:mined":{"minecraft:grass":3,"minecraft:acacia_log":4,"minecraft:acacia_leaves":1},"minecraft:picked_up":{"minecraft:rotten_flesh":2,"minecraft:acacia_log":4},"minecraft:custom":{"minecraft:jump":28,"minecraft:open_chest":1,"minecraft:time_since_rest":1894,"minecraft:sprint_one_cm":10641,"minecraft:play_time":3651,"minecraft:time_since_death":3651,"minecraft:walk_one_cm":12154,"minecraft:sleep_in_bed":1,"minecraft:total_world_time":3651,"minecraft:fall_one_cm":687,"minecraft:fly_one_cm":2459}},"DataVersion":3465}