{"stats":{"minecraft:killed_by":{"minecraft:skeleton":1},"minecraft:dropped":{"minecraft:shield":1,"minecraft:wooden_pickaxe":2},"minecraft:mined":{"minecraft:acacia_leaves":3,"minecraft:crafting_table":1,"minecraft:acacia_log":8,"minecraft:grass_block":1,"minecraft:tall_grass":8,"minecraft:cobblestone":4,"minecraft:oak_planks":11,"minecraft:diorite":1,"minecraft:iron_ore":5,"minecraft:andesite":2,"minecraft:grass":55,"minecraft:oak_log":5,"minecraft:coal_ore":40,"minecraft:dirt_path":1,"minecraft:dirt":24,"minecraft:stone":105},"minecraft:custom":{"minecraft:interact_with_furnace":7,"minecraft:mob_kills":12,"minecraft:interact_with_crafting_table":17,"minecraft:leave_game":3,"minecraft:time_since_death":15729,"minecraft:sleep_in_bed":2,"minecraft:time_since_rest":15756,"minecraft:sprint_one_cm":66439,"minecraft:damage_taken":1330,"minecraft:walk_one_cm":88776,"minecraft:drop":3,"minecraft:damage_dealt":1020,"minecraft:fly_one_cm":77188,"minecraft:open_chest":1,"minecraft:crouch_one_cm":11417,"minecraft:play_time":43615,"minecraft:deaths":4,"minecraft:sneak_time":5021,"minecraft:walk_under_water_one_cm":1589,"minecraft:jump":697,"minecraft:walk_on_water_one_cm":2046,"minecraft:total_world_time":43615,"minecraft:fall_one_cm":30411},"minecraft:used":{"minecraft:stone_pickaxe":140,"minecraft:oak_planks":9,"minecraft:wooden_pickaxe":18,"minecraft:cooked_chicken":3,"minecraft:torch":15,"minecraft:dirt":27,"minecraft:crafting_table":3,"minecraft:granite":2,"minecraft:iron_pickaxe":4,"minecraft:stone_axe":27,"minecraft:wooden_sword":6,"minecraft:cobblestone":8,"minecraft:furnace":2,"minecraft:cooked_porkchop":2,"alexsmobs:animal_dictionary":1},"minecraft:killed":{"minecraft:pig":2,"minecraft:spider":1,"minecraft:sheep":1,"minecraft:chicken":4,"minecraft:cow":4},"minecraft:crafted":{"minecraft:wooden_sword":1,"minecraft:oak_planks":40,"minecraft:cooked_porkchop":4,"minecraft:crafting_table":1,"minecraft:wooden_pickaxe":2,"minecraft:furnace":2,"minecraft:stone_axe":2,"minecraft:air":0,"minecraft:shield":1,"minecraft:stick":80,"minecraft:iron_pickaxe":1,"minecraft:iron_ingot":5,"minecraft:stone_pickaxe":2,"minecraft:acacia_planks":28,"minecraft:torch":36},"minecraft:picked_up":{"minecraft:crafting_table":2,"minecraft:feather":3,"minecraft:chicken":4,"minecraft:andesite":2,"minecraft:leather":6,"minecraft:oak_log":10,"minecraft:shield":1,"minecraft:dirt":41,"minecraft:wheat_seeds":7,"minecraft:beef":8,"minecraft:cooked_chicken":4,"minecraft:oak_planks":23,"minecraft:egg":2,"minecraft:raw_iron":5,"minecraft:acacia_log":7,"minecraft:porkchop":4,"minecraft:diorite":1,"minecraft:spider_eye":1,"alexsmobs:animal_dictionary":1,"minecraft:rotten_flesh":2,"minecraft:granite":2,"minecraft:gray_wool":1,"minecraft:bread":3,"minecraft:mutton":2,"minecraft:coal":39,"minecraft:cobblestone":108}},"DataVersion":3465}