{"stats":{"minecraft:killed_by":{"minecraft:skeleton":1},"minecraft:dropped":{"minecraft:shield":1,"minecraft:wooden_pickaxe":2},"minecraft:mined":{"minecraft:acacia_leaves":3,"minecraft:crafting_table":2,"minecraft:torch":1,"minecraft:acacia_log":8,"minecraft:grass_block":10,"minecraft:tall_grass":9,"minecraft:cobblestone":15,"minecraft:oak_planks":11,"minecraft:diorite":1,"minecraft:furnace":1,"minecraft:iron_ore":12,"minecraft:andesite":3,"minecraft:grass":64,"minecraft:oak_log":5,"minecraft:coal_ore":66,"minecraft:dirt_path":1,"minecraft:dirt":26,"minecraft:stone":253,"minecraft:orange_bed":1},"minecraft:custom":{"minecraft:interact_with_furnace":12,"minecraft:mob_kills":30,"minecraft:interact_with_crafting_table":19,"minecraft:leave_game":3,"minecraft:time_since_death":45729,"minecraft:sleep_in_bed":3,"minecraft:time_since_rest":10059,"minecraft:sprint_one_cm":107659,"minecraft:damage_taken":1435,"minecraft:walk_one_cm":140042,"minecraft:drop":3,"minecraft:damage_dealt":3082,"minecraft:fly_one_cm":125482,"minecraft:open_chest":2,"minecraft:crouch_one_cm":26254,"minecraft:play_time":73615,"minecraft:deaths":4,"minecraft:sneak_time":10458,"minecraft:walk_under_water_one_cm":13857,"minecraft:jump":1068,"minecraft:walk_on_water_one_cm":6116,"minecraft:total_world_time":73615,"minecraft:fall_one_cm":39557},"minecraft:killed":{"minecraft:pig":2,"minecraft:spider":1,"minecraft:creeper":1,"minecraft:sheep":8,"alexsmobs:cockroach":1,"minecraft:zombie":5,"minecraft:chicken":4,"minecraft:cow":8},"minecraft:used":{"minecraft:cooked_mutton":3,"minecraft:stone_pickaxe":140,"minecraft:oak_planks":9,"minecraft:wooden_pickaxe":18,"minecraft:cooked_chicken":4,"minecraft:orange_bed":1,"minecraft:torch":34,"minecraft:dirt":27,"minecraft:crafting_table":4,"minecraft:granite":2,"minecraft:iron_pickaxe":199,"minecraft:stone_axe":64,"minecraft:wooden_sword":6,"minecraft:cobblestone":33,"minecraft:furnace":3,"minecraft:cooked_porkchop":2,"alexsmobs:animal_dictionary":1},"minecraft:crafted":{"minecraft:wooden_sword":1,"minecraft:oak_planks":40,"minecraft:cooked_porkchop":4,"minecraft:crafting_table":2,"minecraft:wooden_pickaxe":2,"minecraft:furnace":3,"minecraft:stone_axe":2,"minecraft:cooked_mutton":14,"minecraft:air":0,"minecraft:shield":1,"minecraft:stick":80,"minecraft:iron_pickaxe":1,"minecraft:iron_ingot":5,"minecraft:stone_pickaxe":2,"minecraft:acacia_planks":28,"minecraft:torch":116},"minecraft:picked_up":{"minecraft:crafting_table":3,"minecraft:feather":3,"minecraft:chicken":4,"minecraft:andesite":3,"minecraft:leather":10,"minecraft:wooden_pickaxe":1,"minecraft:oak_log":10,"minecraft:shield":1,"minecraft:dirt":60,"minecraft:bone":2,"minecraft:wheat_seeds":8,"minecraft:beef":17,"minecraft:cooked_chicken":4,"minecraft:oak_planks":23,"minecraft:furnace":1,"minecraft:egg":2,"minecraft:raw_iron":12,"minecraft:torch":1,"minecraft:acacia_log":11,"minecraft:dripstone_block":1,"minecraft:porkchop":4,"minecraft:pointed_dripstone":3,"minecraft:diorite":1,"minecraft:spider_eye":1,"alexsmobs:animal_dictionary":1,"minecraft:orange_bed":1,"minecraft:arrow":2,"minecraft:rotten_flesh":7,"minecraft:granite":2,"minecraft:gray_wool":1,"minecraft:bread":3,"minecraft:mutton":16,"minecraft:coal":65,"minecraft:white_wool":7,"minecraft:cobblestone":288}},"DataVersion":3465}