{"stats":{"minecraft:mined":{"minecraft:grass":1,"minecraft:oak_log":11,"minecraft:oak_leaves":3},"minecraft:picked_up":{"minecraft:oak_log":11,"minecraft:egg":1},"minecraft:custom":{"minecraft:jump":84,"minecraft:open_chest":3,"minecraft:time_since_rest":5712,"minecraft:leave_game":3,"minecraft:play_time":26513,"minecraft:sprint_one_cm":12856,"minecraft:time_since_death":26513,"minecraft:walk_one_cm":32818,"minecraft:sleep_in_bed":2,"minecraft:total_world_time":26513,"minecraft:fall_one_cm":1579,"minecraft:fly_one_cm":10341}},"DataVersion":3465}