{"stats":{"minecraft:broken":{"minecraft:wooden_pickaxe":1},"minecraft:mined":{"minecraft:grass_block":3,"minecraft:grass":3,"minecraft:coal_ore":30,"minecraft:oak_log":16,"minecraft:dirt":11,"minecraft:stone":19,"minecraft:oak_leaves":5,"minecraft:crafting_table":1},"minecraft:used":{"minecraft:dirt":1,"minecraft:crafting_table":1,"alexsmobs:animal_dictionary":2,"minecraft:wooden_pickaxe":59},"minecraft:crafted":{"minecraft:oak_planks":44,"minecraft:crafting_table":1,"minecraft:stick":4,"minecraft:wooden_pickaxe":1,"minecraft:cooked_chicken":4},"minecraft:picked_up":{"minecraft:crafting_table":1,"minecraft:stone_pickaxe":1,"minecraft:oak_log":16,"alexsmobs:animal_dictionary":1,"minecraft:dirt":14,"minecraft:coal":30,"minecraft:cobblestone":21,"minecraft:egg":2},"minecraft:custom":{"minecraft:deaths":1,"minecraft:time_since_rest":1264,"minecraft:open_chest":3,"minecraft:crouch_one_cm":939,"minecraft:interact_with_furnace":1,"minecraft:sprint_one_cm":26661,"minecraft:play_time":41058,"minecraft:damage_taken":440,"minecraft:walk_one_cm":62288,"minecraft:sneak_time":404,"minecraft:jump":177,"minecraft:time_since_death":1229,"minecraft:leave_game":3,"minecraft:sleep_in_bed":3,"minecraft:total_world_time":41058,"minecraft:fall_one_cm":8882,"minecraft:interact_with_crafting_table":1,"minecraft:fly_one_cm":26622}},"DataVersion":3465}