{"stats":{"minecraft:mined":{"minecraft:grass":1,"minecraft:oak_log":11,"minecraft:oak_leaves":3},"minecraft:used":{"alexsmobs:animal_dictionary":1,"minecraft:crafting_table":1},"minecraft:crafted":{"minecraft:crafting_table":1,"minecraft:oak_planks":44,"minecraft:stick":4,"minecraft:wooden_pickaxe":1},"minecraft:picked_up":{"minecraft:oak_log":11,"minecraft:egg":2},"minecraft:custom":{"minecraft:jump":92,"minecraft:open_chest":3,"minecraft:time_since_rest":928,"minecraft:leave_game":3,"minecraft:play_time":29058,"minecraft:sprint_one_cm":13922,"minecraft:time_since_death":29058,"minecraft:walk_one_cm":40724,"minecraft:sleep_in_bed":3,"minecraft:total_world_time":29058,"minecraft:interact_with_crafting_table":1,"minecraft:fall_one_cm":1579,"minecraft:fly_one_cm":11450}},"DataVersion":3465}