{"stats":{"minecraft:killed_by":{"minecraft:zombie":1},"minecraft:dropped":{"minecraft:cobblestone":23,"minecraft:oak_planks":14},"minecraft:broken":{"minecraft:wooden_pickaxe":1},"minecraft:mined":{"minecraft:acacia_leaves":1,"minecraft:acacia_wood":1,"minecraft:crafting_table":1,"minecraft:grass":7,"minecraft:acacia_log":8,"minecraft:grass_block":6,"minecraft:oak_log":16,"minecraft:coal_ore":30,"minecraft:dripstone_block":1,"minecraft:dirt":14,"minecraft:cobblestone":4,"minecraft:stone":68,"minecraft:oak_leaves":5},"minecraft:custom":{"minecraft:time_since_rest":239,"minecraft:interact_with_furnace":1,"minecraft:sprint_one_cm":38420,"minecraft:damage_taken":875,"minecraft:walk_one_cm":87659,"minecraft:drop":37,"minecraft:interact_with_crafting_table":3,"minecraft:fly_one_cm":40000,"minecraft:open_chest":3,"minecraft:play_time":57161,"minecraft:crouch_one_cm":3086,"minecraft:deaths":3,"minecraft:sneak_time":1900,"minecraft:walk_under_water_one_cm":1974,"minecraft:jump":304,"minecraft:leave_game":5,"minecraft:walk_on_water_one_cm":512,"minecraft:time_since_death":0,"minecraft:sleep_in_bed":3,"minecraft:total_world_time":57161,"minecraft:fall_one_cm":15659},"minecraft:used":{"minecraft:oak_planks":22,"minecraft:wooden_pickaxe":114,"minecraft:dirt":2,"minecraft:cobblestone":28,"minecraft:crafting_table":2,"alexsmobs:animal_dictionary":2},"minecraft:crafted":{"minecraft:oak_planks":44,"minecraft:crafting_table":2,"minecraft:stick":8,"minecraft:wooden_pickaxe":2,"minecraft:cooked_chicken":4,"minecraft:acacia_planks":12},"minecraft:picked_up":{"minecraft:crafting_table":1,"minecraft:acacia_log":6,"minecraft:acacia_wood":1,"minecraft:dripstone_block":1,"minecraft:oak_log":16,"minecraft:pointed_dripstone":3,"alexsmobs:animal_dictionary":1,"minecraft:dirt":23,"minecraft:stone_pickaxe":1,"minecraft:oak_planks":36,"minecraft:coal":30,"minecraft:cobblestone":94,"minecraft:egg":2}},"DataVersion":3465}