{"stats":{"minecraft:broken":{"minecraft:wooden_pickaxe":1},"minecraft:mined":{"minecraft:acacia_leaves":1,"minecraft:acacia_wood":1,"minecraft:crafting_table":1,"minecraft:grass":7,"minecraft:acacia_log":8,"minecraft:oak_log":16,"minecraft:grass_block":6,"minecraft:coal_ore":30,"minecraft:dirt":14,"minecraft:cobblestone":1,"minecraft:stone":48,"minecraft:oak_leaves":5},"minecraft:used":{"minecraft:oak_planks":22,"minecraft:wooden_pickaxe":90,"minecraft:dirt":2,"minecraft:cobblestone":27,"minecraft:crafting_table":2,"alexsmobs:animal_dictionary":2},"minecraft:dropped":{"minecraft:cobblestone":23,"minecraft:oak_planks":14},"minecraft:crafted":{"minecraft:oak_planks":44,"minecraft:crafting_table":2,"minecraft:stick":8,"minecraft:cooked_chicken":4,"minecraft:wooden_pickaxe":2,"minecraft:acacia_planks":12},"minecraft:picked_up":{"minecraft:crafting_table":1,"minecraft:acacia_log":6,"minecraft:acacia_wood":1,"minecraft:oak_log":16,"minecraft:pointed_dripstone":2,"minecraft:dirt":23,"alexsmobs:animal_dictionary":1,"minecraft:stone_pickaxe":1,"minecraft:oak_planks":36,"minecraft:coal":30,"minecraft:cobblestone":71,"minecraft:egg":2},"minecraft:custom":{"minecraft:time_since_rest":11979,"minecraft:interact_with_furnace":1,"minecraft:sprint_one_cm":34309,"minecraft:damage_taken":800,"minecraft:walk_one_cm":76098,"minecraft:drop":37,"minecraft:fly_one_cm":36832,"minecraft:interact_with_crafting_table":3,"minecraft:open_chest":3,"minecraft:crouch_one_cm":2899,"minecraft:play_time":53058,"minecraft:deaths":2,"minecraft:sneak_time":1729,"minecraft:jump":275,"minecraft:leave_game":3,"minecraft:time_since_death":11946,"minecraft:sleep_in_bed":3,"minecraft:total_world_time":53058,"minecraft:fall_one_cm":14614}},"DataVersion":3465}